{"T1001": 0.5464203717431254, "T1003": 0.12004226899550904, "T1005": 0.1883414982250238, "T1006": 0.8569115583181178, "T1007": 0.4151313122502445, "T1008": 0.630121744292897, "T1010": 0.7138231168426685, "T1012": 0.3619068796164164, "T1014": 0.630121744292897, "T1016": 0.18040078905477241, "T1018": 0.2188184381409672, "T1020": 0.5246704860026262, "T1021": 0.13826877543541602, "T1025": 0.630121744292897, "T1027": 0.0535114773868104, "T1029": 0.8569115583181178, "T1030": 0.630121744292897, "T1033": 0.21417929942763395, "T1036": 0.0733973957461218, "T1037": 0.5707346753672196, "T1039": 0.5464203717431254, "T1040": 0.5464203717431254, "T1041": 0.29788067197740553, "T1046": 0.2782055070666449, "T1047": 0.21417929942763395, "T1048": 0.381582044527177, "T1049": 0.28455779241632106, "T1052": 0.7732101857683462, "T1053": 0.15138003736143857, "T1055": 0.27204287077479533, "T1056": 0.28455779241632106, "T1057": 0.20964212810828545, "T1059": 0.0, "T1068": 0.35273056958373467, "T1069": 0.3196305577179047, "T1070": 0.16179062900796184, "T1071": 0.12297044553697253, "T1072": 0.5707346753672196, "T1074": 0.21417929942763395, "T1078": 0.12594075555851392, "T1080": 0.630121744292897, "T1082": 0.13201275167989504, "T1083": 0.16903463490156573, "T1087": 0.2235642330100832, "T1090": 0.22842170382724333, "T1091": 0.5464203717431254, "T1092": 0.8569115583181178, "T1095": 0.44096911345285467, "T1098": 0.37151014530269255, "T1102": 0.24908223091879494, "T1104": 0.6677589274780754, "T1105": 0.06880980728525393, "T1106": 0.35273056958373467, "T1110": 0.31212307637701486, "T1111": 0.630121744292897, "T1112": 0.27204287077479533, "T1113": 0.37151014530269255, "T1114": 0.34394486134199875, "T1115": 0.630121744292897, "T1119": 0.34394486134199875, "T1120": 0.5049953210918656, "T1123": 0.8569115583181178, "T1124": 0.42764623389177026, "T1125": 0.6677589274780754, "T1127": 0.8569115583181178, "T1129": 0.8569115583181178, "T1132": 0.45521151785246405, "T1133": 0.2782055070666449, "T1134": 0.5464203717431254, "T1135": 0.39217067239424414, "T1136": 0.33551785516258376, "T1137": 0.5982999593279132, "T1140": 0.22842170382724333, "T1176": 0.7138231168426685, "T1185": 0.8569115583181178, "T1187": 0.7138231168426685, "T1189": 0.2782055070666449, "T1190": 0.2052025379701089, "T1195": 0.47050984775090765, "T1197": 0.5982999593279132, "T1199": 0.47050984775090765, "T1200": 0.8569115583181178, "T1201": 0.7138231168426685, "T1202": 0.7732101857683462, "T1203": 0.2188184381409672, "T1204": 0.04124452332456005, "T1205": 0.7138231168426685, "T1210": 0.48703330281744783, "T1211": 0.7732101857683462, "T1212": 0.8569115583181178, "T1213": 0.42764623389177026, "T1216": 0.8569115583181178, "T1217": 0.5707346753672196, "T1218": 0.19242941368713457, "T1219": 0.34394486134199875, "T1220": 0.7138231168426685, "T1221": 0.48703330281744783, "T1222": 0.630121744292897, "T1480": 0.5246704860026262, "T1482": 0.47050984775090765, "T1484": 0.5707346753672196, "T1485": 0.5707346753672196, "T1486": 0.39217067239424414, "T1489": 0.5707346753672196, "T1490": 0.5707346753672196, "T1491": 0.630121744292897, "T1496": 0.630121744292897, "T1497": 0.45521151785246405, "T1498": 0.8569115583181178, "T1499": 0.8569115583181178, "T1505": 0.26605888701242164, "T1518": 0.26605888701242164, "T1526": 0.8569115583181178, "T1528": 0.7732101857683462, "T1529": 0.6677589274780754, "T1530": 0.630121744292897, "T1531": 0.7732101857683462, "T1534": 0.5707346753672196, "T1537": 0.7138231168426685, "T1538": 0.8569115583181178, "T1539": 0.5246704860026262, "T1542": 0.7138231168426685, "T1543": 0.2911117709768883, "T1546": 0.35273056958373467, "T1547": 0.14472033127747175, "T1548": 0.47050984775090765, "T1550": 0.4151313122502445, "T1552": 0.34394486134199875, "T1553": 0.26605888701242164, "T1554": 0.7732101857683462, "T1555": 0.2437200337256869, "T1556": 0.5464203717431254, "T1557": 0.5464203717431254, "T1558": 0.5707346753672196, "T1559": 0.42764623389177026, "T1560": 0.172754248776374, "T1561": 0.5707346753672196, "T1562": 0.20964212810828545, "T1563": 0.8569115583181178, "T1564": 0.2545874367666872, "T1565": 0.7138231168426685, "T1566": 0.047286895712673034, "T1567": 0.29788067197740553, "T1568": 0.44096911345285467, "T1569": 0.381582044527177, "T1570": 0.39217067239424414, "T1571": 0.39217067239424414, "T1572": 0.42764623389177026, "T1573": 0.30487907048341095, "T1574": 0.24908223091879494, "T1578": 0.7138231168426685, "T1580": 0.7732101857683462, "T1583": 0.14146935094087185, "T1584": 0.33551785516258376, "T1585": 0.3196305577179047, "T1586": 0.42764623389177026, "T1587": 0.27204287077479533, "T1588": 0.07572999666551807, "T1589": 0.3274214062754584, "T1590": 0.5246704860026262, "T1591": 0.47050984775090765, "T1592": 0.630121744292897, "T1593": 0.48703330281744783, "T1594": 0.5982999593279132, "T1595": 0.44096911345285467, "T1596": 0.7138231168426685, "T1597": 0.7732101857683462, "T1598": 0.40333193026767633, "T1599": 0.8569115583181178, "T1602": 0.8569115583181178, "T1606": 0.8569115583181178, "T1608": 0.27204287077479533, "T1609": 0.8569115583181178, "T1610": 0.8569115583181178, "T1611": 0.8569115583181178, "T1613": 0.8569115583181178, "T1614": 0.5707346753672196, "T1615": 0.8569115583181178, "T1620": 0.6677589274780754, "T1621": 0.7138231168426685, "T1622": 0.8569115583181178, "T1649": 0.8569115583181178, "T1650": 0.8569115583181178, "T1651": 0.7732101857683462, "T1652": 0.8569115583181178, "T1654": 0.630121744292897, "T1657": 0.45521151785246405, "T1659": 0.8569115583181178, "T1665": 0.7732101857683462, "T1667": 0.8569115583181178, "T1669": 0.8569115583181178, "T1673": 0.8569115583181178, "T1674": 0.8569115583181178, "T1675": 0.999999999793567, "T1678": 0.7732101857683462, "T1679": 0.8569115583181178, "T1680": 0.5049953210918656, "T1681": 0.7732101857683462, "T1682": 0.7732101857683462, "T1683": 0.7732101857683462, "T1684": 0.42764623389177026, "T1685": 0.21417929942763395, "T1686": 0.381582044527177, "T1690": 0.6677589274780754}